それ,"that, that one"
見る,"see, look at"
円,circle
多い,lots of
家,"house, home"
これ,"this, this one"
新しい,new
私,I
仕事,"work, job"
始める,"begin, start"
なる,become
する,"do, make"
出る,"go out, leave"
使う,use
ところ,place
思う,think
持つ,"have, possess"
時間,"time, hour"
今年,this year
知る,know
作る,"make, create"
同じ,"same, identical"
今,now
続く,"continue, follow"
国,country
未だ,"yet, more"
やる,do
言う,"say, tell"
少ない,"few, little"
行く,go
決める,"decide, agree upon"
高い,"high, tall"
考える,"think, consider"
感じる,"feel, sense"
子供,"child, kid"
そう,"in such manner, that way"
大学,"university, college"
もう,"already, yet"
近く,"near, close to"
入れる,put in
学生,student
午後,"afternoon, p.m."
長い,long
本,"book, volume"
よく,often
彼女,"she, one's girlfriend"
聞く,"hear, ask"
どう,"how, what"
生きる,live (one's life)
言葉,"word, language"
顔,face
どこ,where
一つ,one (thing)
あげる,give
こう,"like this, this kind of"
学校,school
くれる,be given
起きる,"get up, get out of bed"
春,spring
午前,"morning, a.m."
買う,buy
別,"another, different"
終わる,"finish, end"
若い,young
かなり,"fairly, rather"
置く,"put, leave"
住む,"live, reside"
戻る,"return, turn back"
働く,work
後,after
先生,teacher
立つ,"stand, rise"
気,"spirit, temperament"
呼ぶ,"call, name"
もっと,more
帰る,"return, go back"
気持ち,"feeling, sensation"
飛ぶ,fly
車,"car, automobile"
変える,change
広い,"wide, big"
分かる,understand
数,number
近い,"near, soon"
そこ,there
走る,run
売る,sell
朝,morning
教える,"teach, tell"
歩く,"walk, go on foot"
直ぐ,"at once, soon"
会う,meet
部屋,room
起こる,happen
秋,"autumn, fall"
難しい,difficult
送る,send
死ぬ,die
乗る,"ride, take"
安い,"inexpensive, cheap"
書く,write
話す,"speak, tell"
頭,head
体,"body, health"
ここ,here
待つ,"wait, wait for"
低い,"low, short"
もらう,receive
食べる,eat
早い,early
兄,older brother
名前,name
夫,husband
一,one
結婚,marriage
親,parent
古い,old
美しい,beautiful
足,"leg, foot"
次,next
起こす,wake up
見せる,show
娘,"daughter, girl"
とても,very
少し,"a bit, a little while"
質問,question
楽しむ,enjoy
色,color
みんな,"all, everybody"
取る,"take, get"
勉強,study
出来る,"can do, be good at"
短い,"short, brief"
落ちる,"fall, sink"
息子,son
白い,"white, blank"
誰,"who, whom"
いつも,always
飛行機,airplane
勝つ,win
病気,illness
冬,winter
年,"year, age"
重い,heavy
胸,chest
読む,read
払う,pay
軽い,"light, light weight"
見つける,find
いつ,when
友達,"friend, companion"
忘れる,"forget, leave behind"
酒,"alcoholic drink, Japanese rice wine"
どちら,which
姉,older sister
覚える,"memorize, learn"
狭い,"narrow, restricted"
好き,"favorite, liked"
建てる,"build, erect"
どれ,"what, which"
赤い,red
今日,today
着る,"wear, put on"
笑う,"laugh, smile"
一番,most
授業,"class, lesson"
週,week
漢字,"character, kanji"
自転車,bicycle
電車,train
探す,"search for, look for"
紙,paper
歌う,sing
遅い,"slow, late"
首,neck
速い,fast
一緒に,"together, at the same time"
日記,diary
今月,this month
遊ぶ,play
遠い,"far, distant"
弱い,weak
耳,"ear, hearing"
座る,"sit, sit down"
右,right
浴びる,take (a shower)
肩,shoulder
飲む,drink
寝る,"sleep, go to sleep"
消す,"switch off, turn off"
元気,"healthy, energetic"
負ける,lose
全部,"all, wholly"
去年,last year
引く,"draw, pull"
図書館,library
上げる,"raise, improve"
緑,"green, foliage"
腕,arm
ドア,door
閉じる,close
時,time
米,rice (grain)
切る,cut
線,line
決まる,be decided
楽しい,"fun, enjoyable"
服,clothes
後ろ,"back, behind"
嬉しい,"happy, glad"
腰,"hip, lower back"
日曜日,Sunday
開ける,"open, unlock"
昼,"daytime, midday"
お母さん,mother
留学生,student studying abroad
大学生,university student
終わり,"end, conclusion"
背,"height, stature"
手伝う,"help, assist"
鼻,nose
起きる,occur
熱い,"hot (things, touch)"
載せる,"place, put on"
悲しい,sad
愛する,"love, care for"
しゃべる,"chat, talk"
近く,"vicinity, nearby"
甘い,sweet
テーブル,table
食べ物,food
始まる,begin
ゲーム,game
十,ten
天気,weather
暑い,"hot, warm (temperature of the air)"
太い,"thick, fat"
晩,evening (usually from sunset to bedtime)
土曜日,Saturday
神,"god, spirit"
痛い,painful
お父さん,father
多分,"probably, perhaps"
時計,"clock, watch"
泊まる,stay overnight
どうして,why
掛ける,"hang, put on"
曲がる,turn
おなか,stomach
ミーティング,meeting
閉める,"shut, close"
嫌い,dislike
金曜日,Friday
要る,"need, require"
無い,to not be
黄色い,yellow
風邪,cold (illness)
優しい,"gentle, kind"
晴れる,"be sunny, clear up"
大好き,love
茶色,light brown
汚い,dirty
空く,be empty
上る,go up
ご飯,"cooked rice, meal"
日,day
髪の毛,hair
つける,switch on
月曜日,Monday
入る,enter
片仮名,katakana
今週,this week
開く,open
水,water
あれ,that over there
二,two
閉まる,"be shut, be closed"
締める,"tighten, fasten"
まずい,"bad-tasting, bad"
平仮名,hiragana
曇る,become cloudy
触る,"touch, feel"
駄目,no good
書き直す,rewrite
飲み物,"beverage, drink"
木曜日,Thursday
曜日,day of the week
そば,"side, vicinity"
こっち,here
火曜日,Tuesday
渇く,be thirsty
三,three
水曜日,Wednesday
二つ,two (things)
今晩,"this evening, tonight"
千,thousand
六つ,six (things)
六日,"six days, 6th of the month"
お姉さん,older sister
直る,"be repaired, return to normal"
易しい,"easy, simple"
辺,"vicinity, part"
よう,"way, like, kind"
お兄さん,older brother
辛い,"spicy, salty"
八,eight
三日,"three days, 3rd of the month"
あそこ,over there
来る,come
前,"front, before"
五日,"five days, 5th of the month"
一杯,full
九,nine
酸っぱい,sour
違う,"differ, be wrong"
細い,"thin, slender, narrow"
三つ,three (things)
八日,"eight days, 8th of the month"
高校生,high school student
上手,"good, skilled"
強い,strong
七,seven
二十日,"20 days, 20th of the month"
左,left
二日,"two days, 2nd of the month"
四つ,four (things)
暖かい,warm
有る,"exist, possess"
良い,good
五つ,five (things)
妹,younger sister
上,"up, above"
動く,move
駅,railway station
おいしい,tasty
大きい,big
弟,younger brother
男,"man, male"
大人,adult
お願い,favor
女,"woman, girl"
金,money
彼,"he, one's boyfriend"
昨日,yesterday
奇麗,beautiful
口,mouth
五,five
九日,"nine days, 9th of the month"
九つ,nine (things)
答える,"answer, reply"
先,"ahead, first"
寒い,cold (temperature of the air)
四,four
下,"under, below"
大丈夫,"alright, OK"
出す,take out
小さい,small
父,(speaker's)father
一日,1st of the month
月,moon
妻,wife
冷たい,"cold (things, touch)"
手,hand
十日,"ten days, 10th of the month"
時々,sometimes
夏,summer
七つ,seven (things)
何,"what, which"
七日,"seven days, 7th of the month"
母,(speaker's)mother
人,person
一人,"one, one person"
百,hundred
方,"direction, side"
他,other
僕,I (young male)
欲しい,"want, desire"
万,ten thousand
見える,be visible
店,"shop, store"
道,"road, street"
目,eye
八つ,eight (things)
止める,"stop, give up, abolish"
四日,"four days, 4th of the month"
夜,night (from sunset to sunrise)
四,four
来年,next year
六,six
悪い,bad
お手洗い,"toilet, bathroom"
ご主人,(your) husband
本当に,"really, truly"
自分,"self, oneself"
なる,become
ため,"sake, purpose"
円,yen
場合,"situation, case"
休む,"take a day off, take a break"
見つかる,"be found, be caught"
問題,"problem, question"
開発,development
事件,"affair, case"
必要,"need, necessity"
企業,"corporation, business"
行う,"do, carry out"
現在,"the present, present time"
利用,"utilization, usage"
首相,prime minister
持つ,"maintain, last long"
政府,"government, administration"
発表,announcement
開く,open
受ける,"receive, accept"
より,"more, further"
昨年,last year
情報,information
示す,"show, indicate"
建設,"construction, building"
販売,"sale, selling"
治る,"be cured, get well"
機能,"function, feature"
研究,"research, study"
一方,one way
ドル,dollar
システム,system
頃,time
対する,"face, be in response to"
方法,"method, procedure"
以上,"not less than, more than"
最近,"late, recent"
今後,"after this, in the future"
世界,world
用いる,"use, make use of"
語る,"tell, talk"
コンピューター,computer
中心,"center, middle"
やる,give (to an inferior)
意味,"meaning, significance"
計画,"plan, project"
影響,"influence, effect"
増える,"increase, accrue"
選ぶ,"choose, elect"
経済,"economy, economics"
導入,introduction
生活,"life, living"
進める,"advance, promote"
関係,"relation, relationship"
続ける,"continue, keep up"
ロボット,robot
ほとんど,"almost, hardly"
国内,"domestic, internal"
分野,"field, sphere"
会社,"company, corporation"
関する,"concern, relate to"
状態,"state, appearance"
大統領,president (of a country)
対象,"target, object"
処理,"management, process"
女性,"woman, female"
家,"house, home"
パソコン,personal computer
解決,"solution, settlement"
実現,"implementation, realization"
多く,"much, largely"
動き,"movement, motion"
話,"talk, story"
価格,"price, cost"
上がる,"go up, rise"
もう,"another, again"
集める,"collect, gather"
声,"voice, sound"
初めて,for the first time
明らか,"clear, obvious"
一部,part
調査,"investigation, inquiry"
党,political party
変わる,change
社長,president (of a company)
全国,the whole country
地域,"region, area"
重要,"important, essential"
姿,"figure, appearance"
先ず,first
昭和,Showa era
社会,society
プログラム,program
期待,"expectation, anticipation"
力,"strength, power"
除く,"rid of, exclude"
一般,"general, common"
今回,this time
普及,"diffusion, spread"
表現,expression
作業,"work, operation"
予定,"schedule, plan"
工場,"factory, plant"
よく,well
生産,production
政権,political power
技術,"skill, technology"
まま,"as is, still (in the current state)"
完成,"completion, finish"
変化,change
存在,"existence, being"
参加,participation
テレビ,television
土地,land
減る,"decrease, diminish"
検討,"consideration, inspection"
政治,politics
実施,"enforcement, implementation"
開始,beginning
備える,"provide for, furnish"
輸入,import
最大,"biggest, largest"
競争,competition
部分,"part, section"
消える,"be extinguished, disappear"
家族,"family, household"
内容,contents
比べる,"compare, contrast"
生まれる,"be born, come into existence"
与える,give
選挙,election
対立,"opposition, antagonism"
理由,"reason, cause"
構成,organization
管理,"management, administration"
増加,"increase, gain"
改革,reform
会談,"conversation, meeting"
会長,"president, chairperson"
ソフト,"software, programme"
提供,"offer, provide"
ただ,free
これら,these
広がる,"spread out, reach"
特徴,"distinctive feature, characteristic"
調べる,"investigate, check"
強調,"emphasis, stress"
制度,"system, organization"
方針,"course, policy"
従来,"former, old"
いずれ,"eventually, sometime"
事故,"accident, incident"
電話,"telephone, phone call"
外国,foreign country
目的,"object, purpose"
自由,freedom
資金,"funds, capital"
銀行,bank
事実,"fact, truth"
決定,"decision, settlement"
方向,"direction, course"
住宅,"housing, residence"
代表,representative
激しい,"violent, intense"
株,"stocks, shares"
交渉,"negotiation, bargaining"
結果,"result, outcome"
全体,"whole, total"
後,"after, afterwards"
命令,"command, order"
十分,"full, plentiful"
あまり,(not) much
経営,"management, operation"
原因,"cause, origin"
写真,photograph
立場,"standpoint, position"
対策,"measure, action"
繰り返す,repeat
評価,"evaluation, appraisal"
なお,"still, in addition"
計算,calculation
投資,investment
可能,"possible, potential"
加える,"add, include"
種類,"kind, species"
強化,strengthening
意見,opinion
伴う,"accompany, go with"
新聞,newspaper
文章,"writing, prose"
目立つ,"stand out, be conspicuous"
設計,"design, plan"
構造,"construction, structure"
国会,"National Diet, parliament"
ほぼ,"almost, nearly"
相手,opponent
発生,"occurrence, happening"
採用,employment
残る,"remain, be left over"
段階,stage
報告,report
商品,"goods, commodities"
都市,"cities, urban community"
病院,hospital
規模,"scale, scope"
業者,businessman
経験,experience
能力,"ability, capacity"
最初,"first, outset"
国際,international
議員,legislator
記者,"journalist, reporter"
場所,"place, space"
運動,"movement, exercise"
サービス,"service, on the house"
集まる,"gather, be collected"
政策,"policy, political measures"
車,car
拡大,"magnification, enlargement"
進む,"advance, move forward"
達する,"attain, reach"
会議,"conference, meeting"
装置,"equipment, device"
主張,"insistence, assertion"
記録,"record, documentation"
年度,"year, school year"
産業,industry
背景,"background, scenery, setting"
材料,"material, factor"
要求,"requirement, demand"
市民,"citizens, townsmen"
世紀,century
大幅,"drastically, substantially"
加工,"processing, manufacturing"
実行,"practice, execution"
判断,"judgment, decision"
組織,"organization, constitution, tissue"
輸出,export
警察,police
伝える,"convey, transmit, hand down"
公開,opening (to the public)
向かう,"face, confront, head toward"
直す,"repair, cure, alter"
具体的,"concrete, specific"
願う,"wish, ask a favor, apply for"
グループ,group
個人,individual
基づく,be based on
全く,"entirely, truly, indeed"
見方,"view, way of looking"
姿勢,"posture, attitude"
協力,"cooperation, collaboration"
担当,person in charge
提案,"proposition, proposal"
最後,"last, final"
招く,"invite, beckon, engage"
ホテル,hotel
再び,"again, a second time"
上昇,"ascension, rising"
機械,machine
注目,"attention, notice"
過去,the past
作品,"work of art, piece"
直接,directly
批判,"criticism, comment"
文化,culture
施設,"facilities, institution"
成功,success
実際,"truth, actual state"
当然,"natural, as a matter of course"
年間,period of one year
簡単,"simple, easy"
迫る,"press, close in on, be imminent"
まとめる,"gather together, put in order"
占める,"occupy, hold"
残す,"leave, reserve, leave undone"
言語,"language, speech"
教育,education
他,"others, other things"
取引,"transaction, dealings"
自動車,automobile
反対,"oppose, object"
若者,"young person, youth"
分,"amount, part, share"
課題,"task, problem"
通常,"common, ordinary"
同様,similar
程度,"degree, extent"
当たる,"hit, strike"
訴える,sue
事情,"circumstances, conditions"
発言,"utterance, speech"
傾向,"tendency, disposition"
開催,"holding (of an event), opening"
文字,"character, letter"
子,"child, kid"
述べる,"state orally, expound, mention"
活動,activity
期間,"term, period"
一定,"constant, standard"
住民,"residents, dwellers"
届く,"reach, be received"
やはり,"as expected, also, still"
効果,"effect, result"
状況,"state of affairs, conditions"
確認,confirmation
位置,"position, place"
はっきり,clearly
つまり,"in short, basically"
通過,"passing, passage"
深い,"deep, profound, intimate"
候補,"candidacy, candidate"
選手,representative athlete
音,"sound, noise"
大会,"mass meeting, tournament"
基本,"basis, foundation"
契約,"contract, agreement"
発見,"discovery, revelation"
当時,"at that time, at the present time"
自宅,"one's house, one's home"
空気,"air, atmosphere"
設ける,"set up, establish"
歴史,history
各国,every country
特に,"specially, particularly"
実験,experiment
訪れる,"visit, call on"
建物,"building, structure"
ビル,building
彼ら,they
少年,boy
諸国,various countries
もちろん,"of course, no doubt"
事務所,"office, one's place of business"
責任,"responsibility, liability"
かつて,"once, formerly"
限る,be limited to
海外,"overseas, abroad"
条件,"condition, item"
家庭,"home, family"
教授,professor
人口,population
海,"sea, ocean"
基準,"standard, criterion"
攻撃,"attack, criticism"
時代,"age, antiquity"
時期,"time, season"
製造,"production, manufacture"
大型,"large, large scale"
周辺,"environs, circumference"
異なる,differ
逮捕,"arrest, capture"
関連,"connection, relation"
貿易,"trade, commerce"
社員,"staff member, employee"
結合,"combination, joining"
自然,nature
スポーツ,sport
患者,patient
なぜ,"why, for what reason"
映画,movie
並ぶ,"line up, be parallel"
生徒,"pupil, student"
そのまま,"like that, unchanged"
今度,"this time, next time"
分ける,"divide into parts, sort, share"
運ぶ,"carry, transport"
複雑,"complicated, intricate"
回る,"turn round, go round, detour"
高校,high school
工事,construction
毎日,every day
帰国,return to one's country
雨,rain
経つ,"pass, elapse"
花,flower
出席,"attendance, presence"
外国人,foreigner
道路,"road, street"
地球,the Earth
英語,English
危険,"danger, dangerous"
普通,"normal, regular"
説明,"explanation, description"
半分,half
注意,"attention, care, watch out"
安全,"safety, security"
手紙,letter
努力,"endeavor, effort"
手術,surgical operation
準備,"provide for, prepare for"
守る,"protect, observe"
驚く,"be surprised, be startled"
地震,earthquake
話し合う,"discuss, talk over"
木,"tree, wood"
許す,"permit, license, forgive"
雪,"snow, snowfall"
動物,animal
合う,fit
平和,"peace, harmony"
非常に,"very, extremely"
遅れる,be late
もし,"if, in case of"
卒業,graduation
移る,"move, shift"
農業,agriculture
空港,airport
珍しい,"rare, precious"
急ぐ,"hurry, hasten"
つもり,"intention, purpose"
必ず,"without fail, certainly"
数字,"figure, numeral"
やっと,"at last, finally"
旅行,"travel, trip"
音楽,music
川,"river, stream"
例えば,for example
小学校,elementary school
壁,"wall, partition"
流れる,"flow, pass, drift away"
夢,dream
逃げる,"escape, run away"
過ぎる,"pass by, exceed"
首都,capital
教師,"teacher, instructor"
相談,"consultation, advice"
用意,"prepare, ready oneself"
ニュース,news
法律,law
大変,"awful, serious"
戦争,"war, battle"
ずっと,"all day, from start to finish"
自然,"natural, naturally"
島,"island, isle"
窓,"window, windowpane"
考え,"thought, view, idea"
ビデオ,video
マンション,"apartment, apartment block, condominium"
健康,healthy
通り,"passage, street"
喜ぶ,"be happy, be delighted"
入院,be hospitalized
増やす,"increase, add"
育てる,"bring up, breed"
温度,temperature
雑誌,"magazine, journal"
私たち,we
食事,"meal, dinner"
風,wind
早く,"early, soon"
明るい,"bright, cheerful"
運転,drive
しばらく,"awhile, long time, for the time being"
高さ,height
借りる,borrow
放送,broadcasting
就職,finding employment
大きさ,"size, dimensions"
困る,"be at a loss, in a jam, in trouble"
通る,"pass, take, go through"
ガス,gas
夫婦,"husband and wife, married couple"
立てる,"stand, set up, establish"
伸びる,"stretch, grow"
聞こえる,"hear, be heard"
殺す,"kill, smother"
静か,"quiet, tranquil"
分かれる,"be divided, disperse, branch off"
詳しい,"detailed, complete"
正確,"accurate, precise"
うまい,good at
打つ,"hit, strike"
工業,"industry, manufacturing industry"
サラリーマン,"office worker, salaried worker, company employee"
有名,famous
捨てる,"discard, abandon"
移す,"move, shift, transfer"
正しい,"correct, righteous, lawful"
売れる,"sell, be in demand"
番組,program
代わる,"substitute, be substituted for"
着く,"arrive, make contact, settle"
バス,bus
中学,junior high school
歌,song
薄い,"thin, weak, pale"
減らす,"decrease, reduce"
科学,science
約束,"promise, vow"
出発,"departure, starting"
動かす,"move, operate"
紹介,"introduction, presentation"
倒れる,"fall over, succumb"
席,"seat, one's place"
熱,"heat, fever"
値段,price
長さ,length
クラス,class
隣,"neighboring house, next seat"
トラック,"truck, lorry"
大使館,embassy
亡くなる,"die, pass away"
パーティー,party
犬,dog
うまい,"delicious, tasty"
特別,"special, extraordinary"
教室,"classroom, class"
ガラス,glass
振る,"wave, shake, brandish"
落とす,"drop, omit"
夕方,evening
コース,"course, route"
アパート,"apartment, flat, apartment house"
小説,"novel, story"
レコード,record
どんどん,knock
通う,"go to and from, frequent a place"
秘密,"secret, privacy"
料理,"cooking, handling"
苦しい,"painful, difficult"
信じる,"believe, trust, have faith in"
何か,"something, some"
カメラ,camera
下げる,"lower, turn down"
留学,studying abroad
無理,"unreasonable, impossible, forced"
飾る,"decorate, exhibit"
北,north
訪ねる,"visit, call on"
テープ,"tape, cassette"
馬,horse
長男,eldest son
近所,neighborhood
数学,mathematics
入学,"enter a school, matriculate"
黒い,"black, dark"
頼む,"ask, request"
並べる,"line up, display, set up"
受け取る,"receive, understand"
太陽,sun
年寄り,"old person, older councilor"
味,"taste, flavor"
思い出す,"recollect, recall"
細かい,"minute, elaborate"
成績,"results, record"
涙,tear
横,"side, width across"
穴,"hole, cavity"
季節,season
ビール,"beer, lager"
故障,"malfunction, fault, breakdown"
裏,"rear, reverse, inside"
ページ,page
迎える,"welcome, go out to meet, invite"
野菜,vegetable
渡す,"carry across, hand over"
贈る,"offer, give"
合格,"passing an examination, eligibility"
グラフ,"chart, graph"
公園,"park, public garden"
戸,"door, shutter"
中学生,junior high school student
玄関,"entrance, door"
撮る,"photograph, shoot, film"
夏休み,summer vacation
毎年,every year
地図,"map, atlas"
海岸,"seashore, coast"
急に,"suddenly, unexpectedly"
女の子,"girl, daughter"
ポスト,"post box, letter box"
暗い,"dark, dreary, shadowy"
両方,both
向こう,"the other side, the other party, opponent"
忙しい,"busy, occupied"
給料,"salary, pay"
テスト,"test, exam"
あちこち,all over
切れる,"run out, expire, can cut"
野球,baseball
試験,"test, examination"
台風,typhoon
規則,"rule, regulation"
遠く,great distance
ゴルフ,golf
看護婦,female nurse
ラジオ,radio
逢う,meet
タクシー,"taxi, cab"
来月,next month
教科書,"textbook, schoolbook"
電気,"electricity, electric light"
急,"urgent, dire, pressing"
ゆっくり,slowly
兄弟,sibling
牛肉,beef
確か,"for sure, for certain"
慣れる,grow accustomed to
厚い,"thick, bulky"
返す,"return, repay"
中学校,junior high school
森,"thick woods, forest"
降りる,"get off, land"
曲,"song, melody, tune"
遊び,"play, amusement"
奥,"inner part, the back, inner chamber"
得意,"one's forte, pride, customer"
下がる,"come down, hang down, fall"
レストラン,restaurant
医者,doctor
カード,"card, credit card"
吹く,"blow, play on a wind instrument"
信号,"signal, traffic light"
絵,"picture, painting, drawing"
修理,"repair, mending"
地下鉄,subway
赤ちゃん,baby
面白い,"interesting, amusing"
離婚,divorce
小学生,"schoolchildren, schoolboy"
育つ,"be brought up, grow"
数える,"count, calculate"
アルバイト,"casual job, student job, part-time job"
買い物,"shopping, purchase"
石,"stone, small rock"
薬,"drug, remedy, chemical"
毎年,every year
回す,"turn, rotate"
コピー,"copy, photocopy"
ぶつかる,"hit, bump into"
運転手,driver
教会,church
フィルム,film
未来,future
校長,"principal, schoolmaster"
デパート,"department store, department"
見送る,see (someone) off
向く,"turn, face, look"
揺れる,"shake, sway, rock"
髪,"hair, hairstyle"
箱,"box, case"
思い出,"recollections, memory"
ベッド,bed
新幹線,"Shinkansen, Bullet Train"
生む,have children
奥さん,"married lady, your wife"
階段,"steps, flight of stairs"
招待,invitation
コート,"coat, jacket"
燃える,"burn, undergo combustion"
食堂,"dining hall, restaurant"
天井,ceiling
課,"section, division, lesson"
靴,"shoes, boots"
予約,"reservation, subscription"
一昨年,the year before last
休日,"holiday, day off"
注文,"order, request"
家賃,rent
散歩,"walk, stroll"
通勤,"commuting, commutation"
ノート,"note book, laptop"
辞める,"resign, retire"
仕方,"way, method"
台所,kitchen
建つ,"be built, be erected"
踏む,"step on, tread on"
配る,"hand out, distribute, allot"
握る,"grasp, make hand-rolled sushi balls"
練習,"practice, training"
強さ,"strength, power"
久しぶり,after a long time
往復,"going and returning, round trip"
大勢,"large numbers, a lot of"
親しい,"intimate, familiar"
番号,"number, serial number"
ワイン,wine
巻く,"roll up, wind, wrap"
青い,blue
おかしい,"strange, peculiar, suspicious"
渡る,"cross, ford, go across"
牛,"cattle, cow"
氷,ice
挨拶,"greet, greeting"
洗う,wash
尋ねる,"inquire, search for"
叩く,"tap, hit"
廊下,"hallway, corridor"
郵便局,post office
割る,"divide, crack, split"
進学,entering a school of higher grade
トイレ,toilet
咲く,"bloom, blossom"
駐車場,parking area
泣く,"cry, weep"
屋根,roof
案内,"guide, inform"
キャンプ,"camping, camp"
荷物,"baggage, load"
迷惑,"trouble, annoyance"
先月,last month
美術館,art museum
破る,"tear, break through, breach"
愛,love
黒,black
断る,"refuse, turn down"
品物,"article, thing"
プラスチック,plastic
貸す,"lend, lease"
沈む,"sink, set"
光る,"shine, emit light"
右手,right hand
赤,"red, crimson"
卵,egg
疲れる,"get tired, become fatigued"
男の子,"boy, baby boy"
泳ぐ,swim
内側,"inside, interior"
習慣,"custom, habit"
投げる,"throw, abandon"
カラー,color
正月,New Year
趣味,"hobby, interest"
盗む,"steal, rob"
ピアノ,piano
池,pond
大学院,graduate school
何度,"how many degrees, how many times"
不幸,"unhappiness, misfortune, bereavement"
恐ろしい,"terrible, awful"
退院,discharge from a hospital
付く,"attach itself to, be connected with, come in contact with"
重さ,weight
商業,"commerce, trade"
スキー,"ski, skiing"
敷く,"lay, spread"
安心,"peace of mind, relief"
糸,"thread, yarn"
なかなか,"not at all, hardly"
人形,doll
プール,pool
銀,silver
匂い,"smell, odor"
ホーム,platform
交通事故,traffic accident
幸せ,"happiness, good fortune"
吸う,"inhale, suck"
浅い,"shallow, superficial"
見学,"observation tour, study tour, field trip"
濃い,"thick, concentrated, dark-colored"
壊す,"break, destroy, smash"
間に合う,"be in time, answer the purpose, can do without"
届ける,"deliver, give notice"
葉,"leaf, needle"
エレベーター,elevator
メモ,"memorandum, memo pad"
立派,"fine, excellent"
旅館,Japanese inn
凄い,"wonderful, great, incredible"
パン,bread
びっくりする,surprised
便利,"convenience, handiness"
砂糖,sugar
休み,"rest, holiday, absence"
録音,sound recording
言い方,"way of speaking, expression"
帰り,"return, going home"
週末,weekend
ズボン,"trousers, pants"
足りる,"suffice, serve, be satisfied"
拾う,"pick up, find"
祭り,festival
博物館,museum
青,"blue, green, green light"
売り場,"sales floor, department"
おもちゃ,"toy, plaything"
金持ち,wealthy person
頑張る,"persist, be tenacious"
グラム,gram
コーヒー,coffee
桜,"cherry tree, cherry blossom"
刺す,"stab, prick, sting"
テント,tent
ボート,boat
遭う,"meet with, encounter"
ボール,ball
オートバイ,"motorbike, motorcycle"
外人,"foreigner, alien"
猫,"cat, feline"
隠れる,"hide, disappear"
親切,"kind, friendly"
是非,"by all means, at any cost"
通学,"attending school, going to school"
預ける,"deposit, entrust"
付ける,"attach, set, apply"
習う,"learn, practice"
組み立てる,"build, set up, construct"
塗る,"spread on, paint"
左手,left hand
ひどい,"cruel, severe"
別々,separately
毎週,every week
気温,temperature
蹴る,kick
真っ赤,deep red
外国語,foreign language
着物,"clothes, kimono"
牛乳,milk
住所,"one's dwelling, address"
先週,last week
飛行場,"airport, airfield"
救急車,ambulance
下りる,"go down, come down"
果物,fruit
間違い,"mistake, error"
あなた,you
映画館,movie theater
踊る,dance
怖い,"fearful, be afraid"
鏡,mirror
草,"grass, weed"
敬語,"honorific language, polite speech"
欠席,"absence, nonattendance"
スイッチ,switch
掃除,cleaning
畳,"tatami, mat"
速さ,speed
林,"woods, grove"
プレゼント,"present, gift"
弁当,"box lunch, picnic lunch"
いつでも,"always, at all times"
寂しい,"lonely, desolate, sad"
少しも,at all
尊敬,"respect, esteem, honor"
テニス,tennis
広さ,"area, extent"
読み,"reading, judgment, foresight"
植える,"plant, raise"
我慢,"patience, self-restraint"
国籍,"nationality, citizenship"
こちら,"here, this way"
恥ずかしい,"shy, ashamed, disgraceful"
ボタン,button
洋服,clothes
油,"oil, animal oil"
おかしい,"funny, amusing, comical"
余る,"remain over, be in excess"
コート,court
正直,"honest, upright"
ドラマ,"drama, theater, soap opera"
ビザ,visa
水道,"water service, channel"
店員,"clerk, salesperson"
電池,"electric cell, battery"
ポケット,pocket
握手,"handshake, handshaking"
固い,"stiff, tight"
そろそろ,"soon, quietly"
ぶどう,grapes
迷う,"be perplexed, hesitate, get lost"
押さえる,hold down
見物,"sightseeing, visit"
知らせる,"let know, inform"
神社,Shinto shrine
注射,"injection, shot"
めったに,rarely
恋人,"lover, sweetheart"
財布,"purse, wallet"
作文,"composition, essay"
鳴る,"sound, ring, roar"
真面目,"serious, sober, earnest"
申し込む,"apply, make a proposal"
冷蔵庫,refrigerator
気に入る,"like, be pleased with"
クリスマス,Christmas
ネクタイ,"tie, necktie"
厚さ,thickness
受け付ける,"receive, accept"
誕生日,birthday
独身,"single life, celibacy"
苦い,"bitter, sour"
バイオリン,violin
パスポート,passport
バッグ,bag
今まで,"until now, so far"
切符,ticket
ゴム,elastic
ジェット機,jet airplane
少々,"a little, a few"
随分,"extremely, considerably"
引っ張る,"pull, drag"
帽子,"cap, hat"
焼ける,"burn, be scorched, be baked"
鉛筆,pencil
会話,conversation
ギター,guitar
茶,tea (plain form)
暑さ,"heat, summer heat"
胃,stomach
椅子,chair
お茶,tea (polite)
踊り,"dance, dancing"
禁煙,"no smoking, giving up smoking"
次男,second son
セーター,"sweater, pullover"
引っ越す,"move, change quarters"
丸い,round
写る,"be taken, be seen through"
喫茶店,"coffee shop, tea house, café"
全然,"wholly, at all"
やっぱり,"just as I thought, after all"
週刊誌,weekly magazine
棚,"cupboard, shelf, rack"
震える,"tremble, quiver, shake"
磨く,"polish, grind"
カーテン,curtain
火事,fire
シャツ,shirt
ナイフ,knife
皆さん,"everybody, ladies and gentlemen"
次女,second daughter
貯金,"savings, deposit"
バイク,"motorbike, motor cycle"
預かる,"receive on deposit, take charge of"
いつか,"some time, some day"
オレンジ,orange
噛む,"bite, chew"
きつい,"tight, difficult"
削る,"grind down, trim, scale back"
越える,"go over, go across, go beyond"
小包,"parcel, package"
新年,New Year
配達,delivery
動物園,zoo
封筒,envelope
危ない,"dangerous, uncertain"
可愛い,"cute, charming, sweet"
さっき,"some time ago, only a moment ago"
宿題,homework
テキスト,"textbook, text, text file"
ビニール,plastic bag
りんご,apple
アルバム,album
お祖父さん,grandfather
水泳,swimming
混む・込む,"be crowded, be congested"
柔道,judo
スカート,skirt
取れる,"come off, be removed"
ペン,pen
物,"thing, object"
柔らかい,soft
郵便,"mail service, postal matter"
割れる,"crack, be divided, split"
駅員,station employee
おしゃべり,"chatter, talkative"
切手,postage stamp
緑色,green
毎朝,every morning
曲げる,"bend, curve"
幼稚園,kindergarten
きっと,"surely, certainly"
理科,science
下着,underwear
涼しい,"cool, refreshing"
太る,"grow fat, fatten"
冷房,air conditioning
別れる,"separate, part from"
空く,become available or vacant
鍵,"key, lock"
傘,"umbrella, parasol"
出掛ける,"go out, be about to go out"
毎晩,every evening
真ん中,"center, middle"
指輪,ring
幾つ,"how many, how old"
腐る,"rot, corrode"
貧乏,"poverty, destitution"
間違える,"mistake, confuse"
メニュー,"menu, bill of fare"
アイスクリーム,ice cream
おしゃれ,"dressing up smartly, trendy"
休憩,"rest, repose"
舌,tongue
ジュース,"juice, soft drink"
素晴らしい,"splendid, excellent"
ゼロ,zero
朝刊,morning edition
丁寧,"polite, courteous, careful"
苦手,"person that is hard to deal with, weak point"
日,"sun, sunlight, day"
引っ越し,moving
歩道,"sidewalk, footpath"
折れる,"snap, be folded, give in"
見送り,seeing someone off
夕刊,evening edition
この間,"the other day, recently"
冷える,"cool down, feel chilly"
ピンク,pink
グラス,glass
毛,"hair, wool"
黒板,blackboard
ダンス,"dance, dancing"
積もる,"accumulate, get accumulated"
半年,half a year
出口,"exit, exit ramp"
登る,"climb, mount, go up"
真っ白,pure-white
おじ,uncle
下ろす,"bring down, take down, pull down"
貸し出す,"lend, lend out"
サッカー,"soccer, football"
暖房,heating
手袋,gloves
留守,not at home
嘘,lie
遠慮,"reserve, hesitation, forethought"
折る,"break off, fold, bend"
今夜,"tonight, this evening"
スープ,"soup, broth"
バナナ,banana
うるさい,"noisy, annoying, pesky"
可哀相,"poor, pitiable"
パトカー,"police car, patrol car"
ハンバーガー,hamburger
毛布,blanket
エスカレーター,escalator
お嬢さん,"young lady, your daughter"
タオル,towel
手帳,"pocketbook, memo"
乗り換える,"change, transfer"
売店,"booth, store"
パチンコ,pachinko (vertical pinball)
美人,beautiful woman
本屋,"bookstore, bookseller"
みかん,"tangerine, mandarin orange"
謝る,apologize
ケーキ,cake
コップ,"cup, glass"
四季,the four seasons
田んぼ,rice field
天気予報,weather forecast
ナイロン,nylon
変,"strange, weird, funny"
来週,next week
一生懸命,"for life, with all one's might"
乾く,"dry, run dry"
皿,"plate, counter for plates or helpings"
間違う,"be mistaken, be incorrect"
事務室,office
消防車,fire engine
スーツ,suit
チケット,ticket
チョコレート,chocolate
泥棒,"thief, crook"
脱ぐ,"remove clothes, take off"
年賀状,New Year's card
乗り物,"vehicle, conveyance"
布団,"futon, bedquilt"
役に立つ,"be useful, be helpful"
破れる,"tear, rip open"
用事,"things to do, errand, business"
写す,"copy, photograph"
腕時計,wrist watch
贈り物,"present, gift"
チャンネル,channel
つまらない,"boring, dull"
マッチ,"match, matchbox"
従兄弟,cousin
冷やす,"cool, chill"
片付ける,"put in order, dispose of, do away with"
乾杯,a toast
ストーブ,"paraffin heater, stove"
停車,stoppage
鳴く,"cry, chirp, meow"
ガソリンスタンド,gas station
片道,one way
今朝,this morning
交番,police box
大分,"very, greatly"
梅雨,rainy season
デート,date
ふすま,"sliding door, fusuma"
真っ直ぐ,"dead straight, honestly"
レモン,lemon
上着,"coat, jacket"
偉い,"great, famous, eminent"
書き方,"how to write, way of writing"
炊く,"cook, boil"
チーズ,cheese
ドライブ,drive
踏切,railroad crossing
ラケット,racket
受付,"receptionist, information office"
怒る,"get angry, scold"
化粧,"make up, put on makeup"
寿司,sushi
スチュワーデス,flight attendant
都合,circumstances
テープレコーダー,"tape recorder, cassette recorder"
ひげ,"moustache, beard"
本棚,bookshelf
真っ暗,pitch-dark
沸く,"boil, be excited"
売り切れる,"be sold out, go out of stock"
押し入れ,closet
革,leather
ぐっすり,soundly
紅茶,black tea
邪魔,disturbing
ソース,"sauce, Worcestershire sauce"
タイプライター,typewriter
足す,"add, supplement"
トマト,tomato
履く,"put on footwear, wear"
バター,butter
発車,"start, leave"
バレーボール,volleyball
おかず,side dish
カレンダー,calendar
再来年,the year after next
冗談,joke
近付く,"approach, get acquainted"
電話帳,telephone book
ハンドバッグ,handbag
ベル,bell
干す,"dry, desiccate"
インク,ink
蚊,mosquito
改札口,"ticket barrier, wicket"
悲しむ,"feel sad, lament"
クーラー,"air conditioning, cooler"
靴下,"socks, stockings"
失礼,"impoliteness, bad manners, I beg your parden/Goodbye"
西暦,"Christian Era, A.D."
洗濯機,washing machine
豆腐,tofu
昼寝,"siesta, nap"
不便,inconvenient
ミルク,"milk, baby milk"
向こう側,other side
億,hundred million
お礼,"thanks, reward, return present"
着せる,"dress, put on clothes"
サラダ,salad
八百屋,"vegetable store, greengrocer"
おじさん,uncle
代える,"substitute, use in place of"
急行,"express train, going in a hurry"
交差点,"crossing, intersection"
高等学校,senior high school
覚める,"awake, wake up"
昼休み,"noon recess, lunch break"
ベルト,belt
真っ黒,"deep-black, jet-black"
皆様,"everyone, ladies and gentlemen"
ラーメン,ramen (Chinese noodles)
ライター,lighter
ワイシャツ,"(business) shirt, (white) shirt"
転ぶ,"tumble down, fall over"
冷める,"cool off, subside"
シャワー,shower
扇風機,electric fan
遅刻,"tardiness, lateness"
釣る,"angle, fish"
うどん,"noodles, Japanese wheat noodles"
追い越す,"outrun, overtake"
仮名,"kana, Japanese syllabary"
家内,my wife
記念日,"memorial day, anniversary"
下り,"downhill, going down"
掲示板,"notice board, bulletin board"
凍る,"freeze, congeal"
ごみ,"rubbish, trash"
消防署,fire station
スーパーマーケット,supermarket
ハンカチ,handkerchief
ビデオテープ,videotape
ぶらぶら,"wander aimlessly, hang about"
アナウンサー,"news reader, announcer"
辞書,dictionary
自炊,cooking food for oneself
止める,"stop, turn off"
スプーン,spoon
年下,"younger, junior"
治す,"cure, heal"
箸,chopsticks
花見,flower viewing
引き出し,"drawer, withdrawal"
ブラウス,blouse
訳,"translation, rendering"
リボン,ribbon
いかが,"how, what"
居る,be present
交通費,"traveling expense, transportation cost"
ステレオ,stereo
滑る,"slide, slip, flunk an examination"
早口,fast talking
フォーク,fork
裏返す,"turn over, turn inside out"
おば,aunt
角,"corner, edge, angle"
きらきら,"shining, sparkling"
三角,triangle
どうぞ,please
図書室,library
入場券,entrance ticket
ネックレス,necklace
パジャマ,pajamas
ボールペン,ballpoint pen
万年筆,fountain pen
柔らか,"soft, tender, gentle"
覚ます,"awaken, wake up"
すいか,watermelon
そちら,"there, that way"
そば,"buckwheat noodles, soba"
大抵,"generally, mostly"
特急,super-express
どっち,which
糊,"glue, starch"
バスケットボール,basketball
晴れ,"fine weather, clear sky"
欲しがる,"desire, wish for, covet"
味噌汁,miso soup
読み方,"way of reading, reading"
嫌,"dislike, have a dislike for"
入り口,entrance
色々,in various ways
降ろす,"unload, set down"
掛かる,"hang, splash, require"
サンドイッチ,sandwich
四角,"square, quadrilateral"
四角い,"square, four-sided"
突き当たる,"hit against, come to the end of"
定期券,commuter's pass
にこにこ,smile
馬鹿,"fool, nonsense"
名字,"surname, family name"
下る,"go down, go down or away from a central place"
ウール,wool
コーラ,"cola, coke"
トイレットペーパー,toilet paper
どなた,who
乗り換え,"change, transfer"
ハイキング,hiking
灰皿,ashtray
バス停,bus stop
ハム,ham
ボーイフレンド,boyfriend
床,floor
例文,"illustrative sentence, example"
ローマ字,Roman alphabet
アイロン,iron
苺,strawberry
カレーライス,curried rice
キャッシュカード,cash card
曇り,"cloudiness, cloudy weather"
魚,fish
塩,salt
停留所,"stop, station"
床屋,"barber, barbershop"
歯医者,dentist
歯磨き,"toothpaste, brushing one's teeth"
早起き,early rising
冬休み,winter vacation
持って行く,take
夕飯,"evening meal, supper"
酔っ払い,"drunkard, boozer"
例,"example, precedent"
イヤリング,earrings
横断歩道,"pedestrian crossing, crosswalk"
お辞儀,bow
お宅,"your home, you, fan, geek"
ガールフレンド,girlfriend
カセットテープ,cassette tape
かゆい,itchy
乾かす,dry
休校,temporary closure of school
ぐらぐら,wobble
航空便,airmail
ジャム,jam
スリッパ,slippers
大嫌い,hate
畳む,"fold, shut"
トランプ,"(a pack of) cards, (playing) cards"
万歳,Banzai! Hurrah! Long live...!
番地,"lot number, address"
日陰,the shade
美容院,beauty shop
文房具,"stationery, writing materials"
免許証,license
訳す,translate
よろしい,all right
ラッシュアワー,rush hour
両替,"money changing, exchange of money"
明日,tomorrow
送り仮名,kana suffix
片付く,"be put in order, be settled"
カップ,cup
消しゴム,eraser
主人,"master, husband"
スケート,"skate, skates"
たくさん,"in large quantity, plenty"
中,"inside, middle"
鍋,"pan, saucepan"
怠ける,"be lazy, neglect"
二階,"second floor, upstairs"
寝坊,"late riser, oversleeping"
鋏,"scissors, pincers, tongs"
畑,"field, vegetable garden"
ピクニック,picnic
真っ青,"deep-blue, pale (skin)"
汚す,"make dirty, soil"
酔っ払う,get drunk
忘れ物,"something left behind, lost item"
あちら,way over there
掛け算,multiplication
臭い,"ill-smelling, stinking"
自習,"self-study, self-teaching"
突き当たり,end of a street
どきどき,"feel excited, feel nervous"
無くす,"lose, get rid of"
納豆,natto (fermented soybeans)
二十歳,20 years old
東,"east, eastern"
まあまあ,"OK, not bad, average"
マフラー,"scarf, muffler"
桃,"peach, peach tree"
アクセサリー,"accessories, jewelry"
あくび,yawn
飴,"candy, sweets"
売り切れ,"sellout, sold out"
お巡りさん,policeman
からから,"thirsty, dry"
黄色,yellow
誘う,"invite, ask out"
速達,"special delivery, express mail"
歯,"tooth, cog"
引き算,subtraction
昼前,"in the morning, before noon"
ふらふら,weak
目覚まし時計,alarm clock
予習,"preparation, previewing (a lesson)"
こぼす,spill
ランチ,lunch
レシート,receipt
持って来る,bring
気を付ける,"take care of, pay attention to"
刺身,"sashimi, sliced raw meat"
洗面所,"washroom, bathroom"
足し算,addition
段々,"gradually, one after another"
チョーク,chalk
包む,"wrap, pack"
ティッシュ,tissue
止まる,"come to a stop, cease"
無くなる,"disappear, run short, get lost"
西,"west, western"
ノック,knock
歯ブラシ,toothbrush
暇,"free time, spare time"
豚,"pig, pork"
二人,two persons
褒める,"praise, commend"
本箱,bookcase
止む,"stop, abate"
よろしく,"properly, one's regards"
沸かす,"boil, excite"
明後日,day after tomorrow
幾ら,how much
絵葉書,picture postcard
暖める,"warm, warm up, heat up"
一昨日,day before yesterday
換える,"exchange, convert"
書留,registered mail
がらがら,empty
缶詰,"canned goods, cooping-up"
ぎらぎら,"dazzling, glaring, blinding"
九,nine
怪我,injury
寒さ,"coldness, cold"
祝日,"holiday, festival day"
すき焼き,sukiyaki
そっち,"there, thou"
葉書,postcard
掃く,"sweep, brush"
昼間,"daytime, day"
ピンポン,"table tennis, ping pong"
深さ,"depth, profundity"
不親切,"unkind, inattentive"
ぺこぺこ,"hungry, starving"
ぺらぺら,fluently
横書き,horizontal writing
レインコート,raincoat
アイス,"popsicle, ice lolly"
いつごろ,"about when, about what time"
ウィスキー,whisky
エアメール,airmail
字,"character, letter"
塩辛い,salty
七,seven
シャープペンシル,mechanical pencil
セロテープ,"cellophane tape, Scotch tape, Sellotape"
外側,"exterior, outside"
そば屋,soba restaurant
たばこ屋,"cigarette shop, tobacco store"
庭,"garden, court"
流行る,"be in fashion, be popular"
左側,left side
袋,"bag, sack"
風呂屋,"bathhouse, public bath"
骨,"bone, frame, spirit"
右側,right side
眼鏡,"glasses, judgment"
やけど,burn
汚れ,"dirt, filth"
割り算,division
アイスコーヒー,iced coffee
間,interval
顎,"jaw, chin"
朝御飯,breakfast
暖まる,get warm
あっち,"other side, there"
あんなに,"that, so"
行き,going
いたずら,"mischief, prank"
ウェートレス,waitress
お祝い,celebrate
お菓子,"sweets, snacks"
お釣り,change
大人しい,"gentle, quiet, subdued"
お祖母さん,grandmother
おばさん,aunt
お土産,souvenir
表,"front side, face, outside"
書き取る,"write down, note down"
泊める,"lodge, give shelter"
歌手,singer
風邪薬,remedy for a cold
方,person　（polite form)
形,"shape, form"
鞄,"bag, handbag, briefcase"
被る,"wear, put on"
雷,"thunder, lightning"
上がる,"get nervous, get stage fright"
空手,"karate, empty hand"
缶,"can, tin"
元旦,New Year's Day
着替える,change clothes
厳しい,"strict, severe, intense"
客,"visitor, customer"
金,"gold, sum of money, Friday"
くし,comb
雲,cloud
クリーニング,"cleaning, laundry"
景色,"scenery, landscape"
喧嘩,"fight, quarrel, argument"
答え,"answer, solution"
ごちそう,"feast, treat"
ごちそうする,treat
この頃,"now, these days, recently"
こぼれる,"spill, overflow"
壊れる,"break, break down, get out of order"
こんなに,"this, so, such"
ざあざあ,"heavily, pouring"
再来月,the month after next
再来週,the week after next
騒ぐ,"make a racket, mess around, make a fuss"
残念,"regretful, disappointing"
叱る,"scold, tell off, reprimand"
仕舞う,put away
氏名,name
ジャガイモ,potato
車道,"road, roadway"
丈夫,"healthy, stout"
醤油,soy sauce
白,white
心配,"anxiety, worry, good offices"
石鹸,soap
洗濯,"laundering, washing"
掃除機,vacuum cleaner
袖,sleeve
外,"outside, open air"
祖父,grandfather
ソファー,"sofa, sofa bed"
祖母,grandmother
空,"sky, weather"
剃る,shave
台,"stand, platform"
大事,importance
大切,"important, valuable"
倒す,"bring down, overthrow, defeat"
助ける,"help, save"
たばこ,"tobacco, cigarette"
誰か,someone
血,blood
茶わん,"tea cup, rice bowl"
昼食,lunch
長女,eldest daughter
朝食,breakfast
ちょうど,"just, as if"
ちょっと,"just a moment, just a little, easily"
つく,"be on, switched on"
机,"desk, table"
勤める,"serve, hold a job"
爪,"nail, claw"
寺,buddhist temple
てんぷら,"tempura, Japanese deep-fried breaded food"
年上,"older, senior"
鳥,"bird, poultry"
とんとん,tapping
長袖,clothes with long sleeves
茄子,eggplant
何,"what, which"
兄さん,older brother
賑やか,"lively, exciting"
肉,"flesh, meat"
鶏,"chicken, hen"
人気,"popularity, temperament of the people, business conditions"
人間,"human being, people"
にんじん,carrot
ぬるい,"tepid, lukewarm"
濡れる,get wet
姉さん,"older sister, girl, miss"
眠い,sleepy
眠る,sleep
上り,"going up, ascent"
パーセント,percent
灰,ashes
灰色,"ash color, gray"
拍手,"applause, clapping"
橋,bridge
初め,beginning
柱,"pillar, prop"
旗,"flag, banner"
貼る,"stick, paste"
半袖,short-sleeved shirt
半月,half a month
半日,half a day
火,fire
弾く,play on
ひざ,knee
ひじ,elbow
人々,people
ひも,"laces, string, rope"
表,"table, list"
昼過ぎ,early afternoon
瓶,"bottle, flask"
拭く,"wipe, dry"
復習,review
豚肉,"pork, hog meat"
船便,"surface mail, shipping service"
船,"ship, boat, vessel"
降る,"fall, come down"
風呂,bath
平成,Heisei era
下手,not good at
返事,"answer, reply"
便所,"lavatory, bathroom"
星,"star, planet, spot"
本当,"truth, reality"
毎月,every month
まく,"scatter, plant"
枕,pillow
孫,grandchild
又,"again, also, or"
町,"town, machi, city quarter"
丸,"circle or sphere, wholeness"
港,"port, harbor"
南,south
紫,purple
姪,niece
木綿,cotton
やかん,kettle
焼く,"burn, bake, be envious"
痩せる,"lose weight, become thin"
山,mountain
湯,"hot water, hot bath, bathhouse"
夕食,supper
昨夜,"last night, last evening"
行き,going
指,"finger, toe"
緩い,"slack, loose"
良い,"good, suitable, preferable"
ようこそ,welcome
汚れる,"become dirty, become defiled"
四つ角,"street corner, intersection"
夜中,"midnight, dead of night"
両親,parents
零,"zero, naught"
曲がり角,corner
ウェーター,waiter
お医者さん,doctor
細か,"minute, elaborate"
絶対に,"absolutely, unconditionally"
そんなに,"that, so"
連れて行く,take (a person) along
連れて来る,bring (a person)
似ている,"look like, resemble"
音,"sound, speech sound, Chinese pronunciation of a character"
始めに,"in the beginning, early in"
一人で,by oneself
不動産屋,"real estate agent, realtor"
郵便屋さん,mailman
可,"permitted, OK"